timestamp,sha,enrichment,submissions,assessments,subject
2026-04-21T20:17:27-04:00,7e33dba15b4e24950b82cf9763b160e286e6fac8,0,0,0,docs: initial DefiBeat spec and implementation prompt
2026-04-22T08:19:34-04:00,c3dea06054571e3762228350762c3ed3e3e88aa5,0,0,0,docs: no db pivot
2026-04-22T10:43:48-04:00,73c55261eb47cb7fca6b7c6cc4f00d65e5c602f2,0,0,0,docs: updated spec and implementation prompt
2026-04-22T11:44:52-04:00,012b62a189344523cecbd11eb3cce9207d91f9db,0,0,0,docs: inline round-2 overlay decisions into spec.md
2026-04-22T12:20:00-04:00,7b87adf4d64a9ebf4eb65777ee4ec52ee4fe28b5,0,0,0,"feat: scaffold pnpm workspace, registry package, and Next.js app"
2026-04-22T12:20:08-04:00,29e2f07c9c15a51cb80edea7e203e8b52bd9fb64,0,0,0,feat: add pnpm sync CLI and commit initial DeFiLlama snapshot
2026-04-22T12:32:09-04:00,07ea5bd1b92ba9dba1c59fed4deaef9ef4ec785f,0,0,0,"feat: add protocol detail pages, dense table, and fixture-backed tests"
2026-04-22T12:36:49-04:00,7cb73589c60b4671ec6d6b35ab525d8744455d0c,0,0,0,"feat: add landing page with category tabs, search, and filters"
2026-04-22T12:46:01-04:00,16b7a2b982d8c08faa693253776d7bf3bcf969c5,0,0,0,"feat: ship methodology, footer, middleware-based 410, and smoke test"
2026-04-22T13:14:42-04:00,09181771c833cd1f5720041442e78de6fe0e11b8,0,0,0,feat: ingest DeFiLlama parent protocols and inherit github/twitter/website
2026-04-22T13:36:25-04:00,248a8cb2c73fd5acbd144926d9c50377fce93777,0,0,0,feat: collapse protocol families into expandable rows on landing
2026-04-22T13:40:45-04:00,86d7770ac5faeaff0c9ba9cf484056f8dc433db4,0,0,0,feat: let family rows stay clickable in search results
2026-04-22T13:41:40-04:00,fa6588eaeb9c139a29aa728e931e9056a34b175c,0,0,0,"feat: add DeFi tab between All and Lending, default to DeFi on load"
2026-04-22T13:43:41-04:00,fd9b762c5242e159d9702df6cd523cab955cc422,0,0,0,feat: drop Stablecoins from the top category tabs
2026-04-22T13:56:54-04:00,db17b2b12e88b8726b3dc1cdc73004e75cd9d85e,0,0,0,fix: map DeFiLlama 'Dexs' to DEX tab and pick family category by top-TVL child
2026-04-22T13:59:12-04:00,fb7dc0a0861a11009cd22ac27efddc2a950e73cd,0,0,0,"feat: sortable Name, Chain, Type, and TVL columns on landing"
2026-04-22T14:01:35-04:00,595970fd3746ae34d99afa2a69fc8352aae7b39b,0,0,0,docs: add Audits and source code section to methodology
2026-04-22T14:15:47-04:00,b46eb173e05f0e7130db0e30a2775854af9b20e4,0,0,0,refactor: move pizza to 5 slices modeled after DeFiScan v2
2026-04-22T14:34:40-04:00,9406a318069ce6c251ccbb993a4b30316e62519c,0,0,0,feat: first real pizza grade — color Verifiability by github+audits
2026-04-22T14:42:09-04:00,6dd0b467738366cd6cb36cdaf8d5df76e954961c,0,0,0,feat: family pizza follows the highest-TVL child's grade
2026-04-22T14:43:48-04:00,8b4f2d7762b64bd0433d3e32b241e22ab9904728,0,0,0,docs: document Access slice (and the other ungraded slices) on methodology
2026-04-22T15:03:45-04:00,3cea65589873be4b2b2f9e8a847b7c950b218004,0,0,0,feat: grade Dependencies from category + opportunistic forkedFrom
2026-04-22T15:14:28-04:00,97a1ac2a98ed293371abb28f8f50adf78b21a5dd,0,0,0,chore: move 'back to index' link to top of protocol detail pages
2026-04-22T15:15:33-04:00,a76d205249c4735e8a103b9c5d70102a22b6b108,0,0,0,feat: clicking the pizza chart now jumps to the methodology legend
2026-04-22T15:16:10-04:00,96ced967e5c5817e9a5449943c18a117ab061505,0,0,0,chore: add 'back to index' link to methodology page
2026-04-22T16:06:31-04:00,332fab4fc05c19a8d4d29bc42634d00e99ca9cc4,0,0,0,feat: apply radiographic palette via CSS custom properties
2026-04-22T16:52:23-04:00,1780af5cac341d68f3ffc6519a6a763270d9ca23,0,0,0,"feat: typography, a11y, and responsive pass on landing + detail"
2026-04-22T17:17:38-04:00,006efd6cc640a0c1ce5b5ccb6daee23efedbb238,0,0,0,"feat: protocol logos, CEX all-red pizza, bigger risk chart"
2026-04-22T18:37:09-04:00,64f08de40560ec12448e04116c5099e885cf773d,0,0,0,feat: canonical protocol logos from DeFiLlama payload
2026-04-22T20:12:43-04:00,b3990523cef80e3a2a60f1bc17338d043ea84946,0,0,0,docs: add README; align spec with current implementation
2026-04-22T21:03:44-04:00,732996d515aaabd037f6707b0d8453a0ea100825,0,0,0,feat: migrate apps/web from Next.js 15 to Astro 5 + Svelte 5 islands
2026-04-22T21:04:04-04:00,2d0de4ad1cdccc9dbe6df6b435918197d607a9f0,0,0,0,chore: gitignore apps/web/.astro generated types
2026-04-22T22:23:56-04:00,e6c297f5f01733f265fd6ef1fc6276d36acfb4ee,0,0,0,docs: update README for Astro + Svelte migration
2026-04-22T22:35:48-04:00,174707eb0f9e807c5876f772b1dc87413914651b,0,0,0,chore: remove stale React components superseded by .astro/.svelte ports
2026-04-23T08:29:05-04:00,3abdad3fdb16b4cea101be79d71d602fc582e9ff,0,0,0,Merge pull request #1 from guil-lambert/feat/protocol-page-upgrades
2026-04-23T09:36:56-04:00,404b214bf46d241b907bf4002b9b1aea13d3e6c4,0,0,0,Merge pull request #2 from guil-lambert/feat/defi-at-home
2026-04-23T09:39:50-04:00,133a9aeb6aa02e43fd44563eee164f5cea7068b5,0,0,0,Merge pull request #3 from guil-lambert/feat/defi-at-home-ci
2026-04-23T10:04:04-04:00,cced591b5e4e3809b3617e6998eb1d895b48df62,0,0,0,Merge pull request #5 from guil-lambert/feat/defi-at-home-ci
2026-04-23T10:41:36-04:00,a6dd86ce38dbdb27c3da5061ff80c7b4090fe055,0,0,0,Merge pull request #6 from guil-lambert/feat/defi-at-home-ci
2026-04-23T11:40:24-04:00,aa2a2cca0204e5ce51d27689d5f8c7f9abfd5f0f,0,0,0,Merge pull request #7 from guil-lambert/feat/protocol-page-layout
2026-04-23T12:21:11-04:00,3512a61e03159123212470044677796006f54468,0,0,0,Merge pull request #8 from guil-lambert/chore/defipunkd
2026-04-23T14:13:57-04:00,8b8cd976cffbfe8f07e213e682b3204ed1984c9f,0,0,0,Merge pull request #9 from guil-lambert/feat/ui-nits
2026-04-23T14:20:51-04:00,ff1efca4ccd2bdf8f602531d5eb57a435f7e8b8b,0,0,0,Merge pull request #11 from guil-lambert/fix/validator-path-resolution
2026-04-23T14:25:56-04:00,968507feeda76fe6c8654418a0fd015525f3209b,0,0,0,Merge pull request #12 from guil-lambert/chore/validator-drop-length-caps
2026-04-23T14:48:25-04:00,a353d23a899ea701217fc4aa3615ec9c7066326c,0,1,0,Merge pull request #10 from guil-lambert/defi-at-home/lido-ability-to-exit-1
2026-04-23T14:48:41-04:00,34c87233556b1269c9d1b6e6e615a3110fcc4a63,0,1,0,Merge pull request #14 from guil-lambert/feat/wire-assessments-to-ui
2026-04-23T14:51:30-04:00,d80c3645bce9074b2025c1d669cd4dabb80fc889,0,1,0,[DEFI@home] lido / ability-to-exit submission gemini
2026-04-23T14:51:52-04:00,7f0dbe99275c25e743e23d551a7b319c519e6aff,0,1,0,Merge pull request #13 from guil-lambert/defi-at-home/lido-ability-to-exit-chat
2026-04-23T14:58:14-04:00,cef2a4801fc5393091d1d7aa1749caee239b5ea9,0,1,0,fix(submission): strip markdown escapes from Gemini lido/ability-to-exit
2026-04-23T15:00:47-04:00,202f764011afaa1f7a2f1329819cb90887532a80,0,1,1,Merge pull request #16 from guil-lambert/quorum/auto-run-5
2026-04-23T15:14:00-04:00,5b0a8ba622db72eaaf6634b92a4ebcc72d0555a0,0,1,1,Merge pull request #17 from guil-lambert/fix/quorum-skip-unparseable
2026-04-23T15:23:48-04:00,daa98b3e380dcaeb34766d4c673be67023724175,0,0,0,Merge pull request #18 from guil-lambert/feat/structured-rationale-v2
2026-04-23T15:31:42-04:00,b1c8cfa71335f9c9c7e93d5f3a073c5ac84783bd,0,1,0,Merge pull request #21 from guil-lambert/defi-at-home/lido-ability-to-exit-chatGPT
2026-04-23T15:31:51-04:00,135a447d3da262970ce446c09cabe119bdf8375b,0,1,0,Merge pull request #19 from guil-lambert/defi-at-home/lido-ability-to-exit-sonnet
2026-04-23T15:32:02-04:00,a232e93715d59556cbf36595ea9edaa13037438d,0,1,0,Merge pull request #22 from guil-lambert/defi-at-home/lido-ability-to-exit-gemini-1
2026-04-23T15:36:06-04:00,4f57ec4fb10d057182a41749cc1e6abd4b05c747,0,1,1,Merge pull request #24 from guil-lambert/quorum/auto-run-9
2026-04-23T15:48:59-04:00,b4881dfad313edd715cae7ac85c8eeba3270e255,0,1,1,Merge pull request #25 from guil-lambert/chore/prompt-fenced-json-output
2026-04-23T17:26:58-04:00,4061877bb9b95e8e63546c3e8739b7431d3d60e9,0,1,1,Merge pull request #26 from guil-lambert/feat/prompts-scraping
2026-04-23T18:32:11-04:00,13943b8a9cc5081aad9b1c75529b6e4deaa6d337,0,1,1,Merge pull request #27 from guil-lambert/feat/prompts-scraping
2026-04-23T18:57:59-04:00,8b4e350f877dcceacc11f42d1c3f63fff3581bcf,0,1,1,Merge pull request #32 from guil-lambert/feat/prompts-scraping
2026-04-23T19:03:42-04:00,f0fcf16b23557a43b5acee8e4b6984e054be720b,0,1,1,Merge pull request #33 from guil-lambert/feat/prompts-scraping
2026-04-23T20:38:49-04:00,c360fa4deb77524d9e93ce9f14cf9568f44aeeb8,0,1,1,Merge pull request #34 from guil-lambert/defi-at-home/lido-access
2026-04-23T20:48:49-04:00,9ba68f9a92d3e3daf04995f4014b56ad2cdcdc1f,0,1,1,"feat(web): canonical URLs + Open Graph meta, set site to defipunkd.com"
2026-04-23T21:16:04-04:00,40acc7cb0c018f27cb8f8cde63ea04cef5c00975,0,1,1,"refactor(prompts): scope access slice to admission, add alt-paths and verbatim-ToS rules"
2026-04-23T22:03:31-04:00,69efd7ffd7ce67efe5c4921412f9d49bd11b7f08,0,1,1,Merge pull request #37 from guil-lambert/data/lido-access
2026-04-23T22:05:57-04:00,a11a9d130545c35ae6ec2eda3a454114cc7f2562,0,1,1,Merge pull request #38 from guil-lambert/quorum/auto-run-11
2026-04-23T23:50:09-04:00,d38c246ec1b44f5db5f38fcdba4af5dcf723e2fc,0,1,1,refactor(prompts): tighten access A3b to distinguish ToS-bound redistributions from independent paths
2026-04-23T23:50:09-04:00,7f7828009a126296e90d111fbe2d5c26b8736677,0,1,1,refactor(prompts): distinguish passive ToS boilerplate from active frontend enforcement in access slice
2026-04-23T23:50:09-04:00,b4139ad4f534f93c6ec2fa6b5af5725daa09562e,0,1,1,refactor(prompts): add evidentiary floor for A3-active claims in access slice
2026-04-24T00:08:38-04:00,922f08a12e7555ccebca32d73d472e9da298cb9d,0,1,1,Merge pull request #39 from guil-lambert/feat/protocol-page-tweaks
2026-04-24T08:17:21-04:00,75caef5a97a58689236ec8ce1a63c139a763b85d,0,1,1,Merge pull request #40 from guil-lambert/feat/mobile
2026-04-24T08:20:40-04:00,ae8d688b15663252f754fcc0f193248e5d8cc9de,0,1,1,feat(web): add back-home link on protocol pages below 1280px
2026-04-24T08:22:36-04:00,ced8ed7bed98aca15ad5a1abcad1f324eca67f07,0,1,1,style(web): keep SideNav brand inside the 140px rail
2026-04-24T08:23:44-04:00,a91fbae5dfd17a99661d7978ff17f20f58a39305,0,1,1,style(web): add back-arrow to SideNav brand and widen the rail
2026-04-24T08:25:26-04:00,67e6fe957ebc8f7f846e37a6a7c03073f9202fcd,0,1,1,fix(web): hide SideNav below 1500px to stop overlap with main content
2026-04-24T08:28:29-04:00,da24af94511f7a7be11e15c62154214da2dfb62a,0,1,1,style(web): tighten landing name column and ellipsize long names
2026-04-24T09:33:29-04:00,124fba6a5cbbbc78d3e77cbd16563daace2cf025,0,1,1,Merge pull request #41 from guil-lambert/feat/verifiability-prompt
2026-04-24T09:37:09-04:00,ad690b3ab3fee83e4bc8625302dd49c04b11a82d,0,1,1,Merge pull request #43 from guil-lambert/quorum/auto-run-13
2026-04-24T12:38:51-04:00,ae4391ae9df283f8bd7a99e679b393cd701bebaa,0,1,1,Merge pull request #44 from guil-lambert/feat/autonomy-prompt
2026-04-24T12:39:57-04:00,08cd81463d679ff74d6754dbb4f22fd2aa6f9d14,0,1,1,Merge pull request #46 from guil-lambert/quorum/auto-run-14
2026-04-24T14:57:27-04:00,fc60528922d566200aed5801c5936cdb038a19c4,0,1,1,Added ability-to-exit/grok-2026-04-24.json
2026-04-24T15:00:23-04:00,5e9942f0b97687c66819cd76552bc8ca6a18fef9,0,1,1,Merge pull request #47 from guil-lambert/quorum/auto-run-15
2026-04-24T15:40:46-04:00,c7e6bc071fbb0b7741be8b1b7a63d02532c30a5c,0,1,1,Merge pull request #48 from guil-lambert/feat/control-prompt
2026-04-24T15:41:43-04:00,fd9b32310f63e5d5a50bb4d3135adcd8c8eddb0b,0,1,1,Merge pull request #50 from guil-lambert/quorum/auto-run-16
2026-04-24T15:44:34-04:00,c3d4ac3bf05aa6c824188b2e37212223080f99f4,0,1,1,quorum: aggregate issues per protocol instead of per slice
2026-04-24T15:55:50-04:00,6db6d9a3cb4678682a3566769e8ee7b783f28c72,0,1,1,"web: collapsible risk slices, unified card styling"
2026-04-24T17:12:19-04:00,b9967512a2c092556a2ee7d1a7f93c21c3cea225,0,1,1,Merge pull request #51 from guil-lambert/feat/pizza-tiers
2026-04-24T17:16:02-04:00,6aba808460d50592f5c32e2e0a38c28e123d1b91,0,1,1,Merge pull request #52 from guil-lambert/feat/pizza-tiers
2026-04-24T17:27:49-04:00,14f1ef4ff4b2326e3a11529c6ce3fb4e81fada87,0,1,1,Merge pull request #53 from guil-lambert/quorum/auto-run-18
2026-04-24T17:34:19-04:00,9fbd39fc8bde2a66824508bb41b07d859d09b005,0,1,1,web: add Vercel Analytics and Speed Insights
2026-04-24T21:11:29-04:00,84c833b289dfefb4fbda934960767c2e9c93975d,0,2,1,Merge pull request #54 from guil-lambert/audit/aave-verifiability
2026-04-24T21:13:46-04:00,860c843edeff4f69c076c8a2e108511fc7037ab6,0,2,1,"web: tier-aware sidebar threshold, thicker silver check, label + typecheck fixes"
2026-04-24T21:17:59-04:00,b79128a1c3a35edadbcb20aff58077e9b6977abc,0,2,1,data: strip trailing U+200E from aave/verifiability submission filenames
2026-04-24T21:19:47-04:00,b5f6b76f129d2728eec01dfe25f3912de2940016,0,2,2,Merge pull request #56 from guil-lambert/quorum/auto-run-20
2026-04-24T21:39:17-04:00,7196cd3eb368b34fb18d2392bfa9846be428dd25,0,2,2,validator: accept arrays of submissions in a single JSON file
2026-04-24T21:44:28-04:00,82b1f8b9a1128494a86f3374f8492b2271e7eea4,0,2,2,Merge pull request #57 from guil-lambert/audit/aave-exit
2026-04-24T21:45:49-04:00,971afbcc90f2081e18e80a1c80e5e0cbf20758c5,0,2,2,Merge pull request #58 from guil-lambert/quorum/auto-run-21
2026-04-24T21:50:47-04:00,ef30da977e62df42b80d54b47740cd60c43985a7,0,2,2,registry: resolve #N suffix when loading batched submission arrays
2026-04-24T22:03:23-04:00,1ce0e5308ce1e962779f016d554de2d4bcb22ce2,0,3,2,Merge pull request #59 from guil-lambert/audit/morpho-open-access
2026-04-24T22:04:45-04:00,7bbf7daa2e91b283d60c8451d88360d750f95a03,0,3,3,Merge pull request #61 from guil-lambert/quorum/auto-run-22
2026-04-24T22:21:19-04:00,3e90cb9b3d417521e4708236378bbe9f7645531a,0,3,3,prompts/control: tighten Read Contract discipline and grade rubric
2026-04-24T22:34:12-04:00,d530d02e08847d4920c69f0b6d1ca855c18e4fc3,0,3,3,prompts/control: add C7 power-tier (blast radius) and re-grade rubric on tier
2026-04-24T22:42:14-04:00,36fd11fba4f85e504a9d907afded7fe810e51e0d,0,4,3,Merge pull request #62 from guil-lambert/audit/uniswap-control
2026-04-24T22:43:34-04:00,c933a52cbe75de10f74579914a1089154300b344,0,4,4,Merge pull request #64 from guil-lambert/quorum/auto-run-23
2026-04-25T08:31:35-04:00,61afaaa1c0103b14ebb09acf50da946e57e02bcb,0,4,4,"prompts/autonomy: scope A9 to external deps, weight modules by TVS"
2026-04-25T08:31:35-04:00,a8d86c7043157dff7880063ba1b57938d752e0f4,0,4,4,feat: toggle for audit tiers
2026-04-25T08:33:19-04:00,ef073a93efa74657de41ec25f166c7a22cb49a25,0,4,4,Merge pull request #65 from guil-lambert/quorum/auto-run-24
2026-04-25T08:34:12-04:00,0a22600defe6922a8d15509e61a37dea2cdc3a31,0,5,4,Merge pull request #66 from guil-lambert/audit/pendle-autonomy
2026-04-25T08:35:13-04:00,0ecab5f66dfe8a7e57223e757c82d1d390bddf7b,0,5,5,Merge pull request #68 from guil-lambert/quorum/auto-run-25
2026-04-25T08:35:36-04:00,a63663c436e65891a9c17695cf73e463625e0feb,0,5,5,prompts/control: don't downgrade for upgradable governance over an immutable core
2026-04-25T13:22:07-04:00,bc90fb24a6dc98cc715785e0670b82ea527cb62f,0,5,5,"docs: update the spec, readme, method and contribute pages"
2026-04-25T19:32:17-04:00,763d31ac303b0f6a0dd26140cf75c9e534efe7cf,0,5,5,"landing: surface tier in Stage column, add audit CTA for unreviewed protocols"
2026-04-26T09:00:34-04:00,f4fe80aa322eb86767a0db46f5f5206bb62d5a47,4937,5,5,Merge pull request #70 from guil-lambert/feat/enrichment
2026-04-26T14:35:02-04:00,622c103cbdba5d740f5e174f0fb61246cb4d9cef,4937,5,5,Merge pull request #71 from guil-lambert/feat/enrichment
2026-04-26T14:35:21-04:00,b6d64a0a4578112a33ac27532a2897a5e38f2f7b,4937,5,5,Merge pull request #69 from guil-lambert/quorum/auto-run-26
2026-04-27T09:23:04-04:00,c63052040523f2744b0eab5588aa28071d3b42bf,4937,5,5,Merge pull request #73 from guil-lambert/sync/snapshot-1
2026-04-27T09:38:08-04:00,43cd224faf299ebd5299fc93f21d2752e30be234,4937,14,5,Merge pull request #72 from guil-lambert/autorun/run-1
2026-04-27T10:56:08-04:00,b048dd2b3d6e3a07b79817a53d76dc7c23aa8f34,4937,14,5,Merge pull request #76 from guil-lambert/chore/vercel-rebuilt
2026-04-27T13:08:01-04:00,ae43d0e72ff48e7665272e85f1ebcd79a8cf6620,4937,14,5,Merge pull request #77 from guil-lambert/feat/partial-submissions
2026-04-27T16:12:51-04:00,775a2f7c532a86304eaa7337acf6715c7f88206f,4937,14,5,Merge pull request #79 from guil-lambert/feat/no-family-prompts
2026-04-27T16:17:01-04:00,46796d7f8539f99faf0a5b93d5e9ef68e207466d,4937,14,5,Merge pull request #74 from chadoagent/curve-finance-overlay
2026-04-27T16:18:02-04:00,ae058f4ef83ca14583f6978a254cef9613412ba8,4937,14,5,Merge pull request #80 from guil-lambert/fix/validate-fork-perms
2026-04-27T19:05:44-04:00,711576123c50993bafba2228a8bd3a0a1f821d1a,4937,14,5,Merge pull request #78 from illlefr4u/aave-v3-assessment-2026-04-27
2026-04-27T19:11:15-04:00,0920eb50e72ec7380f5cef05cfc1c14e39219f51,4937,14,5,Merge pull request #82 from guil-lambert/quorum/auto-run-29
2026-04-28T07:58:46-04:00,767cd691b8a26e1593fc327b12822e92605196a6,4937,14,5,Merge pull request #85 from guil-lambert/quorum/auto-run-30
2026-04-28T07:59:59-04:00,faec4f075adb59190e573672964b1178afca2460,4937,14,5,ci: disable scheduled adapter address extraction
2026-04-28T08:02:16-04:00,7b2e817693bc6ab781398f254d0ba0edc0e4d9da,4940,14,5,Merge pull request #84 from guil-lambert/enrichment/adapters-1
2026-04-28T08:06:09-04:00,3cdc96e1664a365b25a86b1a3e2f9fb39aa0ee10,4940,14,5,Merge pull request #86 from guil-lambert/feat/sortable-columns
2026-04-28T12:51:10-04:00,d6d5d4ee03ce79641dc4f245e32c4248bbb5d48c,4940,15,5,Merge pull request #87 from chadoagent/resubmit-curve-dex-claude
2026-04-28T12:51:19-04:00,7910010378fab7e2084e3a947065ce1f669a873d,4940,15,5,Merge pull request #88 from chadoagent/resubmit-curve-dex-chatgpt
2026-04-28T14:18:58-04:00,fd2c2a2dc3fa59a4ad8d3b0c684edfe1880a0cba,4940,15,5,Merge pull request #95 from guil-lambert/fix/report-urls-weighting
2026-04-29T13:58:12-04:00,0527361858dc75abd389181c72e1973444439bc8,4940,15,6,Merge pull request #94 from guil-lambert/quorum/auto-run-32
2026-04-29T14:08:59-04:00,445c9421dea095ce0eeb76e08f74fbe5406c6b0e,4940,15,6,Merge pull request #104 from guil-lambert/chore/reduce-fetch-action
2026-04-29T14:10:01-04:00,fb5133a4574dc37e6debe5e92834789f55e5e4f4,4940,15,6,Merge pull request #103 from guil-lambert/quorum/auto-run-33
2026-04-29T14:10:19-04:00,9485327d703283106deae523a2c7d4099849de4c,4940,16,6,Merge pull request #100 from illlefr4u/sky-assessment-2026-04-29
2026-04-29T14:10:48-04:00,9a96b9b2ba9ee4831936f5642d28a7d477d3c5f1,4940,17,6,Merge pull request #101 from illlefr4u/ethena-assessment-2026-04-29
2026-04-29T14:19:31-04:00,115ec8695cb5f4840b92a8b0fdfc7dc73d84e825,4940,18,6,Merge pull request #96 from chadoagent/honest-rerun-crvusd-claude
2026-04-29T14:19:46-04:00,d4d5736a56df4c60010696758299e550b8d850fd,4940,18,6,Merge pull request #97 from chadoagent/honest-rerun-crvusd-chatgpt
2026-04-29T14:20:33-04:00,4f84e93cc9afd9cd0b008ef0cae317b1996ae838,4940,19,6,Merge pull request #98 from chadoagent/honest-rerun-llamalend-claude
2026-04-29T14:20:48-04:00,05096af0e946dfb44c21327e9944b44d26421087,4940,19,6,Merge pull request #99 from chadoagent/honest-rerun-llamalend-chatgpt
2026-04-29T14:26:52-04:00,a83913b654abb21d51d3030caf5a2fee2352108a,4940,19,7,Merge pull request #106 from guil-lambert/quorum/auto-run-34
2026-04-29T14:34:22-04:00,d2f76fdbf52d840dc15991069d912b61af29487f,4940,19,7,fix(quorum): preserve prior short_headline when consensus unchanged
2026-04-29T14:37:41-04:00,6b00ae05713cbc36a8b88179821199bde8b315e4,4940,19,10,Merge pull request #116 from guil-lambert/quorum/auto-run-41
2026-04-29T14:44:02-04:00,c98d6125356e0ec5af148e638cfadfb173120e51,4940,19,10,Merge pull request #114 from hell0men/add-curve-dex-gemini
2026-04-29T14:46:06-04:00,29f1cc24f5379713e8efa4deb1d0ae16ff991e98,4940,19,10,Merge pull request #117 from guil-lambert/quorum/auto-run-42
2026-04-29T15:30:03-04:00,1c90b0d16aa21c3bacd4c710576424418b8b8d25,4940,19,10,"landing: pizza hover popover, child-row indent fix, chat_url quorum count, fixed risk-row order"
2026-04-29T18:50:09-04:00,72b940a078408701200cf49c1c1aa2b8a2103d47,4940,19,10,Merge pull request #119 from guil-lambert/data/audits
2026-04-29T21:53:18-04:00,a56e21b38f191cdb57c216e41628d8b0897c81cd,4940,19,10,bounties: cross-reference Immunefi + Cantina with protocols
2026-04-29T21:55:54-04:00,3756d50b04fc85219adda8e6319958dd4f9b9891,4940,18,10,Delete data/submissions/aave directory
2026-04-29T21:56:23-04:00,8f608b2317385c610f8c0fae41d6e40bc3c72a62,4940,17,10,Delete data/submissions/morpho directory
2026-04-29T21:56:51-04:00,49d22d31ebc75b1f6c78570d75cbd007acfee49e,4940,16,10,Delete data/submissions/uniswap directory
2026-04-29T23:37:57-04:00,e0d796cc8ec26e9cc0a91890732ceca0b37f625d,4940,16,10,Merge pull request #120 from guil-lambert/feat/unified-protocol-page
2026-04-29T23:50:09-04:00,9ce3a53e80ad658b981811c521823bea478d06e9,4940,16,10,validator: down-weight hallucination-prone models in quorum
2026-04-30T08:24:44-04:00,7a9bb38bf6a776a0be2a99517e574d1377efe362,4940,16,10,enrichment: skip control.json rewrite when data unchanged
2026-04-30T11:15:50-04:00,ecfb133bdbb7e5acb17eec8ba42831a7814409bc,4940,16,10,ui: scope prompt copy IDs by slug on family pages
2026-04-30T11:24:03-04:00,574b1623d6a3c67f921dcceb4af0852b2589e5c0,4940,16,10,validator: shrink hallucination-prone weights to near-zero
2026-04-30T11:44:13-04:00,203bda1f216c1a1c118c2b8574bee148fce5e1b8,4940,16,10,Merge pull request #124 from guil-lambert/data/fix-gemini-flash
2026-04-30T11:56:39-04:00,59386be49aca004f39ba114f0a5f75cc7cb77a07,4940,16,10,validator: add --check-urls liveness probe for chat_url
2026-04-30T11:57:29-04:00,dbe6272b66ddaf3306f99c81f1168d7210514905,4940,16,10,ci: enable --check-urls in PR submission validator
2026-04-30T12:01:46-04:00,8433e509a3108ad76dd3c338fc48d2fa3f1c155f,4940,16,10,ui: show per-model chat-share status in Sources row
2026-04-30T12:13:01-04:00,c3c2e7e918e2ea6f98c64beb8d96a30f19d48762,4940,16,10,ui: extend dashed style to shaky merged consensus
2026-04-30T12:19:43-04:00,4b74c6b013a7d91265b57d3ca3effe5756fbe8d8,4940,16,10,registry: fall back to merged_from paths when primary submission is missing
2026-04-30T12:26:03-04:00,3a0a58d9ff4d547be8b890ea7effc8e22cd6aa36,4940,16,10,quorum: rewrite assessment when merged_from provenance changes
2026-04-30T12:36:50-04:00,c6badb60a76f7615e97b7221b8fef771049cc37c,4940,16,10,Merge pull request #125 from guil-lambert/quorum/auto-run-49
2026-04-30T16:15:58-04:00,71b9c9c3bc4dabeefdf85603c810c2ff2361f104,4940,16,10,Merge pull request #126 from guil-lambert/fix/partial-risk-quorum
2026-05-01T09:29:14-04:00,398830e9394cbd0f570917607d4044190132ec95,4940,16,10,"validator: warn on weight-lowering signals (hallucination-prone model, missing fetched_at, empty unknowns)"
2026-05-01T09:42:00-04:00,11adfb246e55d1021b2eabb19b93a89507a28999,4940,17,10,Merge pull request #128 from illlefr4u/balancer-v3-2026-05-01
2026-05-01T09:42:15-04:00,99aedec60ab86077df6005d5d674eb223b8d01cf,4940,18,10,Merge pull request #129 from illlefr4u/morpho-blue-2026-05-01
2026-05-01T09:42:32-04:00,0f9d87bc2bae4a1d9d708022c412318b5707914b,4940,19,10,Merge pull request #130 from illlefr4u/sparklend-2026-05-01
2026-05-01T09:42:58-04:00,46eb6a2efb71936f2a105bb9156ab15793a8f9e2,4940,20,10,Merge pull request #131 from illlefr4u/liquity-v1-2026-05-01
2026-05-01T09:43:09-04:00,9a2467f4ad75dd9de79f8ec740a5066ed44897f0,4940,21,10,Merge pull request #132 from illlefr4u/tornado-cash-2026-05-01
2026-05-01T09:43:45-04:00,9e6a28b57e1c0139bcfb4a37071ecdd5ff9e62f6,4940,22,10,Merge pull request #133 from illlefr4u/uniswap-v4-2026-05-01
2026-05-01T09:48:48-04:00,9322b560c456b403acf9e6125c5ece512daf3da7,4940,22,11,Merge pull request #136 from guil-lambert/quorum/auto-run-52
2026-05-01T09:50:50-04:00,b1d1976c40c305ed205402eef07f9a29abf6d6f6,4940,22,14,Merge pull request #142 from guil-lambert/quorum/auto-run-56
2026-05-01T12:49:47-04:00,8d019f6021c9cfdf4c546eb0715affde6cbd3ce2,4940,22,14,ui: unify pizza/chip/card hatching for uncertain slices
2026-05-01T17:36:54-04:00,3e7e33ddf6f0fe6de65d719f3495837948f2a484,4940,22,14,Merge pull request #143 from guil-lambert/feat/stats-page
2026-05-01T19:24:54-04:00,6659475d79d2d4b00d6b9e5fc5e9d5188537d3f1,4940,23,14,Merge pull request #127 from illlefr4u/aave-v3-resubmit-2026-05-01
2026-05-01T19:28:00-04:00,a5eb8cd94ffecc3f51f5f3ebfd0a01556e59998a,4940,23,15,Merge pull request #157 from guil-lambert/quorum/auto-run-57
2026-05-01T19:49:13-04:00,65c23581733ba78904a3bbff3f1c86acbc911914,4940,24,15,Merge pull request #152 from PaulDeFi/patch-4
2026-05-01T19:49:43-04:00,315c08a9391129ae1e0f4253adf43ca901d87f53,4940,24,15,Merge pull request #154 from PaulDeFi/patch-2
2026-05-01T19:49:57-04:00,92d6b91ebaa10bce916149f7798a885fd7d81ac6,4940,24,15,Merge pull request #155 from PaulDeFi/patch-1
2026-05-01T19:56:51-04:00,e6444f01332c9e334713859395c24e5d0bded36d,4940,24,15,validator: accept perplexity /search/ URLs and Cloudflare-challenged 403s
2026-05-01T22:52:36-04:00,2dfeb9a651c5b8112f6a25c4ff3b43bed8bf2747,4940,24,15,Merge pull request #158 from guil-lambert/feat/api-access
2026-05-01T23:03:52-04:00,9cb4b72c7f5e6ae3baa2f0068412feb08aad222b,4940,24,15,Merge pull request #159 from guil-lambert/feat/api-access
2026-05-01T23:17:52-04:00,37e88533caed6344534240a001fd1cbc7e84ab55,4940,24,15,Merge pull request #160 from guil-lambert/feat/api-access
2026-05-01T23:18:29-04:00,7b5de64b187adc81a4beaa4651204309aec1ae7d,4940,24,15,chore: updated chmod
2026-05-01T23:20:56-04:00,2f0a8a2920dcf52f163e600969416a8d324270c5,4940,24,15,api: send Origin/Referer to Alchemy so domain allowlist passes
2026-05-01T23:28:28-04:00,018b62fa1bb3e0bce598a3687865423a9b5f58a9,4940,24,15,api: /safe/owners returns 404 on EOAs / non-Safe addresses (was 500)
2026-05-01T23:34:08-04:00,5959357a1a60c36837ad9ede3ce2702953233f41,4940,24,15,api: tolerate &amp; in query strings (LLM web_fetch quirk)
2026-05-01T23:40:11-04:00,e112b1e0873ff463474426ba86dc7f064b050f5e,4940,24,15,docs: read-api operational reference
2026-05-01T23:54:32-04:00,7577eb1389c31560d918a493a04d16534bd62fdf,4940,24,15,prompts: bare method names for read-API URLs (v16)
2026-05-02T00:01:38-04:00,ccf536d86e912611f820be1e07eb23681a20362b,4940,24,15,api: /address/[chainId]/[addr] surfacer page; prompt v17
2026-05-02T00:06:04-04:00,7721619139023f6fb5c5bf4dc8936af9d94021c2,4940,24,15,api: accept non-checksum addresses (relax viem isAddress strict mode)
2026-05-02T00:18:11-04:00,4d109d4353ce7a4b8a48831d4c9cac963a1c0206,4940,24,15,prompts: pre-bake concrete surfacer URLs per address_book entry (v18)
2026-05-02T00:23:21-04:00,eb40d932ec38e78fc4d8167e0a4dc5c69fcc155f,4940,24,15,prompts: populate address_book from enrichment.control with priority filter
2026-05-02T00:28:52-04:00,239c043e5e8c46602d791489f750a6ecb1c09eb8,4940,24,15,prompts: URL-relay escape hatch for non-pinned addresses (v19)
2026-05-02T00:32:02-04:00,62456460b3df351a95253026bbf34f4ed299a7e9,4940,24,15,"prompts: source address_book from LLM-curated protocol_metadata, not TVL surface"
2026-05-02T00:59:41-04:00,5d1a79e96bf09e6e0b6f8c6105a20ab265f2803a,4940,24,15,prompts: anti-fabrication / receipt-trail discipline (v20)
2026-05-02T08:57:35-04:00,a8b6d716e833a391fb8fb5dd7f9733a7926d3ade,4940,24,15,Merge pull request #161 from guil-lambert/quorum/auto-run-61
2026-05-02T20:09:47-04:00,9751b1172a2a9faf15c3e5d0ddb6a2fa2c4c3272,4940,24,15,Merge pull request #118 from guil-lambert/audit/wbtc
2026-05-02T20:13:42-04:00,40b6945c8241f91ef177ef3ce6c22e8300c456a9,4940,24,16,Merge pull request #163 from guil-lambert/quorum/auto-run-62
2026-05-02T20:14:45-04:00,c90409c1b355d3a51fb26c91272ab05507297dbf,4940,24,16,prompts: tighten v20 anti-fabrication against ChatGPT-flagged loopholes (v21)
2026-05-02T20:14:45-04:00,c62f65754afce97f26bc0d4bda90e4703ce9f2fe,4940,24,16,"prompts: remove URL-relay flow, ratchet across submissions instead (v22)"
2026-05-02T21:17:30-04:00,5aa7ac812e1fd941fc14db07d2dfcdc8339ec44e,4940,24,16,address page: render ABI + pre-execute view methods + crawl links
2026-05-02T21:55:38-04:00,d2157b75ad1b2574f4944e3fa2218e83fb53a107,4940,24,16,prompts: tell model embedded surfacer links are fetchable in-run (v23)
2026-05-02T22:06:50-04:00,8a407cce8bcda725c972d867e41267254e164697,4940,24,16,prompts: scrub residual paste-back language
2026-05-02T22:06:50-04:00,9f1c66e45dc293014ed95a285f500084efa6bf26,4940,24,16,"LandingTable: move aria-sort to <th>, drop unused rank CSS"
2026-05-02T22:18:40-04:00,605ab2a37edae56e80083a53efb303a7afe033dc,4940,24,16,read/safe APIs: embed crawl.surfacers; prompts v24 advertises it
2026-05-02T22:35:21-04:00,106c3e8631e2633ffea6fda56986901f77598aa3,4940,24,16,address page: front-load crawl manifest above the fold
2026-05-02T22:47:42-04:00,7976ef337ff0a2199b0555365fbce1303cec68ff,4940,24,16,read/safe APIs: also inline surfacer URLs in summary prose
2026-05-02T23:06:42-04:00,8a8d181db11e4796de2614eff314767426de99a0,4940,24,16,read API + address page: treat outputs.length>0 as read-eligible
2026-05-02T23:25:06-04:00,f30a1fff0ef83fad695c23f674155fee5e7c9350,4940,24,16,address page: multisig banner near h1 and in <title>
2026-05-02T23:39:20-04:00,eba8d1d5d5944a36f0a10ef34049f7830e3fe27b,4940,24,16,address page: don't cache fallback renders
2026-05-02T23:47:12-04:00,164429232137516dff97bdbb014699395001d1b7,4940,24,16,RiskAnalysis: simplify tentative-card styling
2026-05-03T08:16:34-04:00,eb10dee517040b45609c4feeb98744860ad0ec30,4940,24,16,prompts v25 + validator: off-chain-only fallback for search-grounded models
2026-05-03T13:38:45-04:00,a5cc3f0b7930be5b8ada4c32d42c795d2a249875,4940,24,16,prompts v26: data-gathering mode + search-only fast path; docs/contributing/gemini.md
2026-05-03T18:39:11-04:00,5b3e537f49c3ec48efa23bd78dc19edc22e5ee20,4940,24,16,autorun: default Monday run to discovery-only (--slice flag)
2026-05-03T18:40:19-04:00,7dd23c57fd511b98c3a6a2862df79121212734e7,4940,24,16,"prompts v26 + validator: discovery slice, schema, master, UI"
2026-05-03T18:50:28-04:00,59aec9a83bb57c9be73c4bf9d22f42d9419f73b7,4940,24,16,Merge pull request #169 from guil-lambert/discovert/wbtc
2026-05-03T18:53:58-04:00,d9b0276dbe2eb350b84d644473f4f2612702bbe5,4940,24,16,Merge pull request #170 from guil-lambert/quorum/auto-run-64
2026-05-03T21:12:57-04:00,18e7d037f881b0d1be9a7add9f76ddf036938567,4940,24,16,ui: distinguish tentative from unknown chips by grade color
2026-05-03T21:56:24-04:00,52fa4e6c48a34aea0dbdf18b3326de4b56204712,4940,24,16,ui: render heuristic verifiability/autonomy as tentative
2026-05-04T00:45:03-04:00,135b1d9edfef318d4477ca0550002b8d7e6e0d64,4940,24,16,Update autorun.yml
2026-05-04T12:10:57-04:00,d1e3021ba3f7a767e315a3862ca5b4145e26059e,4940,24,16,"[autorun] save raw model output, enable web search, add post-process step"
2026-05-04T12:10:57-04:00,8bb9f0dd77cf8f67a6d86bd4c4e8187431ca1083,4940,24,16,fix(validator): strip null fields inside protocol_metadata before validation
2026-05-04T12:10:57-04:00,40247cb065a5952840cf434368e7659980f7b305,4940,24,16,"[autorun] derive model field from filename, add --postprocess flag"
2026-05-04T12:10:57-04:00,8676ca767c77585fa727fb8f4865a7ca40dedce0,4940,27,16,restore: recover accidentally deleted aave/morpho/uniswap submission files
2026-05-04T12:10:57-04:00,90b848fa4a63b60ad13dcc9c6470cba6172824ca,4940,27,16,"autorun: cost ceiling, web_fetch tool, tighter discovery queue"
2026-05-04T12:10:57-04:00,9bcacd3cafbc05309a3989bee8a5011e9bfa0390,4940,27,16,"autorun: prompt-cache split, 1h TTL, lenient cleanup, never delete raw output"
2026-05-04T12:10:57-04:00,bab64e0ecc210d3131e4359c5f20836064ad288f,4940,27,16,cleanup: salvage Haiku schema sloppiness with field-level repair rules
2026-05-04T12:10:57-04:00,5babeb0dfd084853e621cba55d220d9f7f379286,4940,27,16,autorun: bump max_tokens 16384 → 65536
2026-05-04T12:11:38-04:00,e90cb217963fd95401fd4e99d18f5ab0d0206f45,4940,27,16,Merge pull request #171 from guil-lambert/sync/snapshot-2
2026-05-04T12:19:24-04:00,f3eb6f67acadac7560142dacca2dc07ddd491b4b,4940,27,16,enrichment: skip writes when only the timestamp changed
2026-05-04T12:19:24-04:00,952bdee955eb03f2d2bde857a73483ce9652a946,4940,27,16,chore: use max_tokens <64K
2026-05-04T12:21:22-04:00,f435340ca839156f75f9aa8b018a0132c908cd0a,4940,27,16,"autorun: tighten tool-use ceilings, expose --max-fetches / --max-searches"
2026-05-04T14:12:21-04:00,ce827a384a855d1a84abba70454b0fdccf7c9e49,4940,27,16,postprocess: salvage audit entries from sloppy model output
2026-05-04T14:45:23-04:00,8de3676d9ae5afc06764921b9155b7da0695411c,4940,27,16,web: surface data-quality banner on every protocol page
2026-05-04T14:55:48-04:00,ae870f9d0118acc3dc32b3886ea5208a2161522f,4940,27,16,Merge pull request #172 from guil-lambert/data/bounties-1
2026-05-04T14:56:27-04:00,c8918339a70d78b0d65cde6f6b5cb93594156fa1,4940,27,16,Merge pull request #173 from guil-lambert/quorum/auto-run-66
2026-05-04T14:57:08-04:00,60bcc99712213a7bd21c1bdeb63daf2ef94ea9d6,4940,28,16,Merge pull request #174 from guil-lambert/audit/base-bridge
2026-05-04T15:07:48-04:00,7c287045a5494b2e346c0679e37807f9fed5952b,4940,28,16,validator: accept null for optional submission fields
2026-05-04T15:16:46-04:00,29005d196f072f02d20af53346c09184576c6af2,4940,28,17,Merge pull request #179 from guil-lambert/quorum/auto-run-69
2026-05-04T15:17:37-04:00,bb5ab795562c08c0c91b4a14b403e7a95c2ab0e2,4940,134,17,Merge pull request #177 from guil-lambert/discovery/haiku-run
2026-05-04T15:24:48-04:00,fb58917280fc6031718e12baa9a2af6cfb899cbb,4940,134,18,Merge pull request #181 from guil-lambert/quorum/auto-run-70
2026-05-04T15:59:27-04:00,d021e993c6abc77fa24b826c91d4017abf034fa4,4940,134,18,validator: classify Grok 4+ as a thinking model
2026-05-04T15:59:27-04:00,4515982d9080a927f2de04f59ce2b398e7c41ca3,4940,134,18,validator: classify claude-sonnet-4-6 as a thinking model
2026-05-04T15:59:27-04:00,2fe4d5b2a7a62def485166ca86a788a213cf77d8,4940,134,18,audit: base-bridge verifiability chartGPT 5 pro
2026-05-04T16:02:13-04:00,6bbb2da01fb0ad8768e7b0a00b4e21bbd0fc342a,4940,134,18,Merge pull request #182 from guil-lambert/quorum/auto-run-71
2026-05-04T19:06:21-04:00,f25525b0a6cc274721adc82147451dbf7c571df8,4940,133,18,"web,registry: surface discovery submissions across protocol pages"
2026-05-04T19:07:00-04:00,c3467e37a3db2361dc0579157153ebd464c4c0f2,4940,133,18,Merge pull request #164 from illlefr4u/morpho-blue-update-2026-05-03
2026-05-04T19:07:20-04:00,1a46390d6d9a6dfaf8c215924d1e9611f2072076,4940,133,18,Merge pull request #165 from illlefr4u/uniswap-v4-update-2026-05-03
2026-05-04T19:07:40-04:00,aab094387336902ff8914a54d088bdb328200043,4940,133,18,Merge pull request #166 from illlefr4u/sparklend-update-2026-05-03
2026-05-04T19:08:00-04:00,3addfa2067d65519cbe6928a1351cf6b4725ec98,4940,133,18,Merge pull request #167 from illlefr4u/liquity-v1-update-2026-05-03
2026-05-04T19:08:14-04:00,356dc21423f43b62c92bd34f140388a2c8e4f2bd,4940,133,18,Merge pull request #168 from illlefr4u/tornado-cash-update-2026-05-03
2026-05-04T19:08:55-04:00,df7fee6e93134dad24ab2a28f4ab4349856ef9ae,4940,133,18,Merge pull request #184 from guil-lambert/quorum/auto-run-73
2026-05-04T19:52:44-04:00,4bc63957f17e1bb7009b093c4d31807d55c188ff,4940,133,18,Merge pull request #186 from guil-lambert/quorum/auto-run-77
2026-05-05T10:43:08-04:00,2fad93819cb932c56669070b7df5c990c198a4c0,4940,133,18,audit: autorun-generate opus 4-6 tests
2026-05-05T10:44:27-04:00,6c551f3a27249344b8daa2a473823a60723df71d,4940,137,18,Merge pull request #187 from guil-lambert/autorun/run-2
2026-05-05T11:00:37-04:00,a1184d33ea9ada6750d577380825e8885b344544,4940,137,18,autorun: count submissions inside batch JSON files for queue threshold
2026-05-05T11:01:51-04:00,1533dcf42ccfb6ddf4f42fbfc040f49d340b1288,4940,137,20,Merge pull request #191 from guil-lambert/quorum/auto-run-80
2026-05-05T13:42:53-04:00,9f823551d34732a2c07d2b0dd1ee66e6deecc20a,4940,137,20,prompt: revised open-access criteria
2026-05-05T15:33:49-04:00,bdd655065f89d766a6ed2ce0c04ca24eee676bb7,4940,137,20,prompts: tighten A7 sequencer risk and reframe open-access admission layer
2026-05-05T16:38:21-04:00,04167f29a2650803607f1df275cd81b42e6e2cbb,4940,137,20,prompts/verifiability: relax V5 drift to content + funds-weighted
2026-05-05T18:35:37-04:00,ef4f2ff45586a1a5d1b128845352147b9078fe1c,4940,137,19,Merge pull request #192 from guil-lambert/audit/uniswap-v4
2026-05-05T19:44:30-04:00,0959842d6e2cf8a6cfce974517563fcb4182a9a5,4940,137,20,Merge pull request #193 from guil-lambert/quorum/auto-run-81
2026-05-05T21:55:07-04:00,5711e2ddb0069caf8e06ab0bd89270cbe7c175ab,4940,137,20,web: risk card layout tweaks + sortable contract-surface table
2026-05-05T21:56:42-04:00,8bf3d270edac15729885c570d8fa07870c87b57a,4940,137,20,registry: majority-vote upgradeability across slices/submissions
2026-05-05T22:24:02-04:00,27fa4b55f6aef9acba34c0c070aab809a3274fc3,4940,137,20,"web: align family pizza/tier, surface discovery admin_addresses, fix sidenav threshold"
2026-05-05T22:28:54-04:00,8923d7a0ca9fe1790003e74dba12d53d510cc66b,4940,137,20,web: surface discovery actor_class in Multisig column
2026-05-05T22:31:55-04:00,7016d5d9d915d904e0b3e46316d2a34d015518f8,4940,137,20,web: rename Multisig column to Type and infer roles from text
2026-05-05T22:40:02-04:00,e0785fe9b9ed4c6d16c5ed895d08105aa535733f,4940,137,20,enrichment: fetch sourcecode + control for discovery addresses too
2026-05-05T22:53:55-04:00,5a272b541b594104131b095a5212ec199e10f31f,4940,137,20,"web: rename References → Protocol Info, reorder sections"
2026-05-05T23:02:41-04:00,5044d8d34b3dd796ffaff306cc7e8c26b644ed33,4940,137,20,web: family side-nav adds Risk analysis + Stage; scrollable contract surface
2026-05-05T23:04:17-04:00,ab750a48462ed4e587ee605492642f4c147d3a88,4940,137,20,data: refresh sourcecode enrichment with discovery address coverage
2026-05-06T08:45:49-04:00,f49c959eb0bc015d23ad82c06c260c7d3eb843d5,4940,137,20,data: scrape the sourcecode.json from the discovery runs
2026-05-06T09:40:58-04:00,8a27bc7d66fc1911f12685eb974732860c16a101,4940,137,20,web: align atomic protocol page section order with family pages
2026-05-06T09:58:13-04:00,5fb3239864e609ef147686885e8d93a929424399,4940,137,20,feat: default to mainnet contract surface
